날짜,제목
2025.04.02,4월4일 탄핵 확정
2025.04.02,59에서 공매치고 58에서 매수해라
2025.04.02,윤석열이는 잘못 한게 없다
2025.04.02,"4월 수출입동향, 외환위기급으로 직행"
2025.04.02,종가는 마이너스
2025.04.02,친중타령하는 반국가 반민주 반시장주의자들...  [1]
2025.04.02,어르신이 산에서 불장난좀 한것을
2025.04.02,일단 이죄명을 구속해야 상승추세 전환해
2025.04.02,삼전
2025.04.02,선물지수
2025.04.02,"무당이 잡은 선고일, 死월 死일  [2]"
2025.04.02,오죽했으면 군대를 동원할까.. 그래서
2025.04.02,트럼프 관세 최소 20%라는데
2025.04.02,가자~~  [1]
2025.04.02,[속보] 6/3일 대통령선거일 공휴일 지...  [2]
2025.04.02,개인 기금 자사주 하고 힘겨루기
2025.04.02,4월4일
2025.04.02,당연히 대한민국 보수주의자들은 윤석열 파...
2025.04.02,"★ 윤씨탄핵 되면, 2찍들 또 살인 저지..."
2025.04.02,외인들 공매도 시작하면 몇달 간다
2025.04.02,내란 윤석열 국민 지지 받는 사례~
2025.04.02,그런걸 들고있어서 돈벌라고 샀는데 사실  [2]
2025.04.02,시장왜이런거임?  [1]
2025.04.02,윤기각되면 환율 어캐될까
2025.04.02,라인은 완전히 일본으로 넘어감
2025.04.02,중국간 재용이
2025.04.02,윤통의 비상계엄 선포는 정당했다.  [3]
2025.04.02,앞으로
2025.04.02,4:4로 기각될 수도 있음을 염두에 둬야...
2025.04.02,윤대통령 2기 국민 재신임 .
2025.04.02,클린봇이 이용자 보호를 위해 숨긴 게시글입니다.  [1]
2025.04.02,윤석열과 정재원의 차이  [1]
2025.04.02,2찍아  [3]
2025.04.02,4월4일 탄핵 확정 입니다  [1]
2025.04.02,●●●●국힘당은 진정한 보수당 창출을 막...  [2]
2025.04.02,민주당에 친중이라는 2찍들
2025.04.02,4월4일 탄핵 확정 입니다
2025.04.02,500주 들고 있습니다.
2025.04.02,대국민 사기극  [1]
2025.04.02,클린봇이 이용자 보호를 위해 숨긴 게시글입니다.
2025.04.02,클린봇이 이용자 보호를 위해 숨긴 게시글입니다.
2025.04.02,줄리연은 언제 처단하냐
2025.04.02,4월4일 탄핵 확정
2025.04.02,25년1분기 매출/이익>>언제 발표??/  [1]
2025.04.02,신뢰도 제로인 한덕수
2025.04.02,찢찢찢에 중독된 2찍 좀비 위험성
2025.04.02,4월4일 탄핵 확정
2025.04.02,찢멍주~
2025.04.02,59100원 500주 공매 ㅋㅋ  [1]
2025.04.02,삼성주식은
2025.04.02,이것이 계몽이었는가?
2025.04.02,아
2025.04.02,역대급 무능 모든곳 초토화
2025.04.02,4월4일 탄핵 확정
2025.04.02,평단 77500 / 1501  [2]
2025.04.02,윤석열 탄핵 기각시 최고 수훈갑~
2025.04.02,대세는 삼성전자네요!  [2]
2025.04.02,윤통의 비상계엄 선포는 정당했다.
2025.04.02,에어레인 대박 축하
2025.04.02,현금비중 99.9프로 확보완료 가즈아 이...
2025.04.02,클린봇이 이용자 보호를 위해 숨긴 게시글입니다.  [1]
2025.04.02,2030신천지 대졸미취업 대거영입
2025.04.02,"냉정히 트럼프처럼 사업하면,"
2025.04.02,클린봇이 이용자 보호를 위해 숨긴 게시글입니다.
2025.04.02,중요한 시기에 10조를 자사주 매입에 쓰...
2025.04.02,지귀연 판사 협박 받았나요?
2025.04.02,4월4일 탄홱 확정
2025.04.02,클린봇이 이용자 보호를 위해 숨긴 게시글입니다.
2025.04.02,4월4일 탄핵확정
2025.04.02,윤석열 탄핵 기각되고 더듬어 개딸 모아~
2025.04.02,미래에서 왔습니다
2025.04.02,2찍들아 하나만 묻자
2025.04.02,이미선  [1]
2025.04.02,삼성전자 게시판 딸피들 특징
2025.04.02,이것들이
2025.04.02,"삼성 정보력, 짱이네"
2025.04.02,크레이지트럼프
2025.04.02,혁명의 단두대를 준비하자
2025.04.02,★★★주식담보대출/신용 금리이벤트★★★
2025.04.02,더불 어처구니없당 으로 당명 바꿔라  [1]
2025.04.02,이재명이 아님 죽음뿐이죠
2025.04.02,어떤게 좋을거같냐?
2025.04.02,글로벌 완전최강
2025.04.02,리재명 대선 지지율 33%
2025.04.02,국민들은 민주당 욕하는게 아니고 국힘당 ...
2025.04.02,4월4일 탄핵 확정  [2]
2025.04.02,서결이 기각돼면 찢죄멍
2025.04.02,위헌을 밥 먹듯이하는 법마피아들  [2]
2025.04.02,삼전 꼬붕 와이씨도 데려가라
2025.04.02,일을 이지경으로  [2]
2025.04.02,4월4일 탄홱 확정 경축  [1]
2025.04.02,이재명 황제폐하각하대통령님
2025.04.02,클린봇이 이용자 보호를 위해 숨긴 게시글입니다.
2025.04.02,한솥밥 식구가 죽어도
2025.04.02,위헌을 자행하고 있는 한 권한대행  [1]
2025.04.02,4월4일 탄핵 확정
2025.04.02,클린봇이 이용자 보호를 위해 숨긴 게시글입니다.
2025.04.02,무능한 부패정권이 막을 내리고 있다.
2025.04.02,부정선거
2025.04.02,탄핵기각  [1]
2025.04.02,@@ 국민의힘당 은 해체수순이되어야 할겁...
2025.04.02,죄맹이햄.폐경이.요즘도
2025.04.02,말 뿐인 사즉생???
2025.04.02,4월4일 탄핵 확정!
2025.04.02,찢도련님.감방가기전에  [2]
2025.04.02,극우 유튜버들..정신병자 맞다
2025.04.02,이재명 지지자들..정신병자 맞다
2025.04.02,찢재명구속 더불공산당 해체 공산당 나가라  [1]
2025.04.02,우리나라 시장이 쓰레기인 이유
2025.04.02,클린봇이 이용자 보호를 위해 숨긴 게시글입니다.
2025.04.02,4월4일 탄핵 확정  [2]
2025.04.02,나는 계몽되엇다 내란 세력으로 계몽되면 ...  [1]
2025.04.02,양매도중  [1]
2025.04.02,이곳이 문제로다  [1]
2025.04.02,일제때 우리나라는 일본이란 사람이 국힘당...  [1]
2025.04.02,4월4일 탄 핵 확정
2025.04.02,알간
2025.04.02,막산이를 단죄하여
2025.04.02,왕국은 왕을 위한나라 왕이 주인이고 민주...
2025.04.02,●●●●●상식상 말해보자●●●●●
2025.04.02,클린봇이 이용자 보호를 위해 숨긴 게시글입니다.
2025.04.02,"한대행, 북 이상 조짐시 바로 제압  [1]"
2025.04.02,북한지령문과 우리법 연구회개들
2025.04.02,클린봇이 이용자 보호를 위해 숨긴 게시글입니다.
2025.04.02,해외 친위쿠테타는  [1]
2025.04.02,1조 클럽
2025.04.02,@@ 한대 행은 철학의 부재로능력이 안...
2025.04.02,어차피 사실을 다 들어난다
2025.04.02,클린봇이 이용자 보호를 위해 숨긴 게시글입니다.
2025.04.02,내란선동
2025.04.02,클린봇이 이용자 보호를 위해 숨긴 게시글입니다.
2025.04.02,난 그렇게 말도안되게 생각했던적도 있었던...  [13]
2025.04.02,클린봇이 이용자 보호를 위해 숨긴 게시글입니다.  [1]
2025.04.02,"한대행, 국민들의 헌법수호 의무 강조  [2]"
2025.04.02,4일결과에따라
2025.04.02,"개잡주 삼전 오늘도 59,400원자리 쌍..."
2025.04.02,오리엔트 정공. 3천원 짜리가  [2]
2025.04.02,환율 떨어지는거 보소 ㄷㄷ
2025.04.02,클린봇이 이용자 보호를 위해 숨긴 게시글입니다.
2025.04.02,지귀연 판사는 왜?
2025.04.02,이재명 만세 만세 만만세
2025.04.02,"지금 2찍이들, 군투입 계엄에 대한민국이"
2025.04.02,Jp모건 사는척 하면서 개미들 들어오면 ...
2025.04.02,자기가 개설한 증권사 계좌식들에게 평생
2025.04.02,은혜를 원수로 갚는 사탄의 자식들  [2]
2025.04.02,●●●●●상식상 말할께●●●●●
2025.04.02,내란수괴 윤석열 파면 이후...
2025.04.02,클린봇이 이용자 보호를 위해 숨긴 게시글입니다.  [1]
2025.04.02,내란수괴 윤석열 파면 이후...
2025.04.02,삼전은 공매도 칠 것도 없음. 너무 빠져...
2025.04.02,윤석열이가 시진핑보다 악랄한게~
2025.04.02,tmdf** 토차괘구 수꼴늠 ㅋㅋㅋ 반일...
2025.04.02,넘어가면
2025.04.02,삼성전자로 지수 받치고
2025.04.02,금욜날
2025.04.02,금욜날
2025.04.02,숏커버가 생각보다 빠를수도
2025.04.02,잡아야 될때 잡아야 개미라는 소리 안 듣...
2025.04.02,파면이 아니라  [1]
2025.04.02,◆윤석열의 운명~ ◆
2025.04.02,장하다 윤술열
2025.04.02,엔비디아
2025.04.02,이대로 기각된다면 ㅋ 조기대선 조바심을 ...  [1]
2025.04.02,구약 --신약 --구분 할 줄 나나/...
2025.04.02,천지창조.ㅡ
2025.04.02,[삭제된 게시물의 답글]윤석열 싫은데
2025.04.02,[삭제된 게시물의 답글]윤석열 싫은데
2025.04.02,장하다 윤술열  [2]
2025.04.02,ㅋㅋㅋ
2025.04.02,"尹파면되는 순간, 형사범죄자 전락 20건..."
2025.04.02,대한민국의 시작  [1]
2025.04.02,찢죄명 구속!!!!!!  [1]
2025.04.02,새롭게 우뚝선 이재명관련주
2025.04.02,장하다 윤술렬....
2025.04.02,60000``````
2025.04.02,◆재용아 하이닉스 보다 못한 삼성이 되었...
2025.04.02,민주당 지지자 타령하는 극우들~
2025.04.02,호수위에 달그림자가
2025.04.02,■골프는 3이서 쳤다메??
2025.04.02,클린봇이 이용자 보호를 위해 숨긴 게시글입니다.
2025.04.02,육만전자
2025.04.02,김재규 장군이 막으려한 양민학살. 석열이...
2025.04.02,찢 사형 확정되면 삼성전자 상한가
2025.04.02,ㅋㅋㅋㅋ대통령
2025.04.02,문재앙의 갈라치기가 국민분열의 시작
2025.04.02,거북이 주식 삼성전자
2025.04.02,외국인까지 처벌 가능한 국가보안법이 답이...
2025.04.02,클린봇이 이용자 보호를 위해 숨긴 게시글입니다.
2025.04.02,테스!
2025.04.02,극우들 중국이 돈준다면 갈아탈 애들  [2]
2025.04.02,윤석열 해냇어요....  [2]
2025.04.02,한다면 하는 두창이
2025.04.02,4월4일 주걸4짜 2번 반복 되어 나옴 ...
2025.04.02,내일 하야  [1]
2025.04.02,클린봇이 이용자 보호를 위해 숨긴 게시글입니다.
2025.04.02,"윤파면 선고후, 곧바로 내란특검 가동해야  [1]"
2025.04.02,■0.158 만취운전 잡범은??
2025.04.02,그래 내 부모 별거아니야  [17]
2025.04.02,파운드화 다른나라 환율봐라
2025.04.02,클린봇이 이용자 보호를 위해 숨긴 게시글입니다.
